<?xml version="1.0" encoding="UTF-8"?>

<COMPONENT> 
  <HEADER AUTHOR="Jan Lolling" COMPATIBILITY="ALL" DATA_AUTO_PROPAGATE="false" HAS_CONDITIONAL_OUTPUTS="false" PLATEFORM="ALL" RELEASE_DATE="20181126" SERIAL="" STARTABLE="true" STATUS="ALPHA" VERSION="11.0"> 
    <SIGNATURE/> 
  </HEADER>  
  <FAMILIES> 
    <FAMILY>File/Spreadsheet</FAMILY> 
  </FAMILIES>  
  <DOCUMENTATION> 
    <URL/> 
  </DOCUMENTATION>  
  <CONNECTORS> 
    <CONNECTOR CTYPE="FLOW" MAX_INPUT="1" MAX_OUTPUT="1"/>  
    <CONNECTOR CTYPE="ITERATE" MAX_INPUT="1" MAX_OUTPUT="1"/>  
    <CONNECTOR CTYPE="SUBJOB_OK" MAX_INPUT="1"/>  
    <CONNECTOR CTYPE="SUBJOB_ERROR" MAX_INPUT="1"/>  
    <CONNECTOR CTYPE="COMPONENT_OK"/>  
    <CONNECTOR CTYPE="COMPONENT_ERROR"/>  
    <CONNECTOR CTYPE="RUN_IF"/> 
  </CONNECTORS>  
  <PARAMETERS> 
    <PARAMETER NAME="WORKBOOK" FIELD="COMPONENT_LIST" FILTER="tFileExcelWorkbookOpen" NUM_ROW="2" REQUIRED="true"/>  
    <PARAMETER NAME="SCHEMA" FIELD="SCHEMA_TYPE" REQUIRED="true" NUM_ROW="10"> 
      <TABLE READONLY="true"> 
        <COLUMN NAME="CELL_NAME" TYPE="id_String" LENGTH="32" READONLY="true" CUSTOM="true"/>  
        <COLUMN NAME="CELL_VALUE" TYPE="id_Object" READONLY="true" CUSTOM="true"/>  
        <COLUMN NAME="IGNORE_MISSING_CELL" TYPE="id_Boolean" READONLY="true" CUSTOM="true"/>  
        <COLUMN NAME="DO_NOT_WRITE_NULL" TYPE="id_Boolean" READONLY="true" CUSTOM="true"/> 
      </TABLE> 
    </PARAMETER>  
    <PARAMETER NAME="CELL_CONFIG" FIELD="TABLE" NUM_ROW="20" NB_LINES="10"> 
      <ITEMS> 
        <ITEM NAME="CELL_NAME" FIELD="TEXT"/>  
        <ITEM NAME="CELL_VALUE" FIELD="TEXT"/>  
        <ITEM NAME="IGNORE_MISSING_CELL" FIELD="CHECK"/>  
        <ITEM NAME="DO_NOT_WRITE_NULL" FIELD="CHECK"/> 
      </ITEMS> 
    </PARAMETER> 
  </PARAMETERS>  
  <ADVANCED_PARAMETERS> 
    <PARAMETER FIELD="CHECK" NAME="FORBID_WRITING_INTO_LOCKED_CELLS" NUM_ROW="40"> 
      <DEFAULT>false</DEFAULT> 
    </PARAMETER>  
    <PARAMETER NAME="RELEASE_LABEL_20181126" FIELD="LABEL" COLOR="0;0;0" NUM_ROW="900">
      <DEFAULT>Release: 11.0 build at: 20181126</DEFAULT>
    </PARAMETER>
  </ADVANCED_PARAMETERS>  
  <CODEGENERATION> 
    <IMPORTS/> 
  </CODEGENERATION>  
  <RETURNS> 
    <RETURN AVAILABILITY="AFTER" NAME="NB_CELLS" TYPE="id_Integer"/> 
  </RETURNS>
</COMPONENT>
