<?xml version="1.0" encoding="UTF-8"?>

<COMPONENT> 
  <HEADER AUTHOR="cimt AG" COMPATIBILITY="ALL" DATA_AUTO_PROPAGATE="true" HAS_CONDITIONAL_OUTPUTS="false" PLATEFORM="ALL" RELEASE_DATE="20181126" SERIAL="" STARTABLE="false" STATUS="PROD" VERSION="11.0"> 
    <SIGNATURE/> 
  </HEADER>  
  <FAMILIES> 
    <FAMILY>File/Spreadsheet</FAMILY> 
  </FAMILIES>  
  <DOCUMENTATION> 
    <URL/> 
  </DOCUMENTATION>  
  <CONNECTORS> 
    <CONNECTOR CTYPE="FLOW" MAX_INPUT="1" MAX_OUTPUT="1"/>  
    <CONNECTOR CTYPE="ITERATE" MAX_INPUT="0" MAX_OUTPUT="1"/>  
    <CONNECTOR CTYPE="COMPONENT_OK"/>  
    <CONNECTOR CTYPE="COMPONENT_ERROR"/>  
    <CONNECTOR CTYPE="RUN_IF"/> 
  </CONNECTORS>  
  <PARAMETERS> 
    <PARAMETER NAME="PROPERTY" FIELD="PROPERTY_TYPE" SHOW="true" NUM_ROW="1" REPOSITORY_VALUE="EXCEL"/>  
    <PARAMETER NAME="WORKBOOK" FIELD="COMPONENT_LIST" FILTER="tFileExcelWorkbookOpen" NUM_ROW="2" REQUIRED="true"/>  
    <PARAMETER NAME="SCHEMA" FIELD="SCHEMA_TYPE" REQUIRED="true" NUM_ROW="2"> 
      <DEFAULT/> 
    </PARAMETER>  
    <PARAMETER FIELD="TEXT" NAME="SHEET_NAME" NUM_ROW="10" REQUIRED="true"> 
      <DEFAULT>"sheet"</DEFAULT> 
    </PARAMETER>  
    <PARAMETER FIELD="CHECK" NAME="CREATE_SHEET_AS_COPY" NUM_ROW="15"> 
      <DEFAULT>false</DEFAULT> 
    </PARAMETER>  
    <PARAMETER FIELD="TEXT" NAME="SOURCE_SHEET_NAME" NUM_ROW="15" REQUIRED="true" SHOW_IF="CREATE_SHEET_AS_COPY == 'true'"> 
      <DEFAULT>"template"</DEFAULT> 
    </PARAMETER>  
    <PARAMETER FIELD="CHECK" NAME="WRITE_IN_COLUMNS" NUM_ROW="20"> 
      <DEFAULT>false</DEFAULT> 
    </PARAMETER>  
    <PARAMETER FIELD="CHECK" NAME="APPEND_ROWS" NUM_ROW="30" SHOW_IF="WRITE_IN_COLUMNS == 'false'"> 
      <DEFAULT>false</DEFAULT> 
    </PARAMETER>  
    <PARAMETER FIELD="CHECK" NAME="SHIFT_ROWS" NUM_ROW="32" SHOW_IF="WRITE_IN_COLUMNS == 'false'"> 
      <DEFAULT>false</DEFAULT> 
    </PARAMETER>  
    <PARAMETER FIELD="TEXT" NAME="ROW_START_INDEX" NUM_ROW="35" SHOW_IF="APPEND_ROWS == 'false'"> 
      <DEFAULT>1</DEFAULT> 
    </PARAMETER>  
    <PARAMETER FIELD="CHECK" NAME="INCLUDE_HEADER" NUM_ROW="40"> 
      <DEFAULT>false</DEFAULT> 
    </PARAMETER>  
    <PARAMETER FIELD="CHECK" NAME="USE_COLUMN_POSITIONING" NUM_ROW="50"> 
      <DEFAULT>false</DEFAULT> 
    </PARAMETER>  
    <PARAMETER FIELD="TEXT" NAME="COLUMN_START_INDEX" NUM_ROW="50" SHOW_IF="USE_COLUMN_POSITIONING == 'false'"> 
      <DEFAULT>"A"</DEFAULT> 
    </PARAMETER>  
    <PARAMETER NAME="COLUMN_CONFIG" FIELD="TABLE" NUM_ROW="60" NB_LINES="10"> 
      <ITEMS BASED_ON_SCHEMA="true"> 
        <ITEM NAME="HEADER" FIELD="String" SHOW_IF="INCLUDE_HEADER == 'true'"/>  
        <ITEM NAME="POSITION" FIELD="String" SHOW_IF="USE_COLUMN_POSITIONING == 'true'"/>  
        <ITEM NAME="FORMAT" FIELD="String" SHOW_IF="(REUSE_STYLE == 'false') and (REUSE_STYLE_FROM_PREVIOUS_ROW == 'false')"/>  
        <ITEM NAME="IS_AUTO_SIZE" FIELD="CHECK"/>  
        <ITEM NAME="IS_COMMENT" FIELD="CHECK"/>  
        <ITEM NAME="IS_HYPERLINK" FIELD="CHECK"/>  
        <ITEM NAME="GROUP_ROW" FIELD="CHECK"/> 
      </ITEMS> 
    </PARAMETER>  
    <PARAMETER FIELD="CHECK" NAME="REMOVE_LAST_EMPTY_ROWS" NUM_ROW="65"> 
      <DEFAULT>false</DEFAULT> 
    </PARAMETER>  
    <PARAMETER FIELD="TEXT" NAME="FREEZE_ROW" NUM_ROW="70"> 
      <DEFAULT/> 
    </PARAMETER>  
    <PARAMETER FIELD="TEXT" NAME="FREEZE_COL" NUM_ROW="70"> 
      <DEFAULT/> 
    </PARAMETER>  
    <PARAMETER FIELD="TEXT" NAME="GROUP_COLS" NUM_ROW="70"> 
      <DEFAULT/> 
    </PARAMETER>  
    <PARAMETER FIELD="CHECK" NAME="REUSE_STYLE" NUM_ROW="80" SHOW_IF="(WRITE_IN_COLUMNS == 'false') and (APPEND_ROWS == 'false')"> 
      <DEFAULT>false</DEFAULT> 
    </PARAMETER>  
    <PARAMETER FIELD="CHECK" NAME="REUSE_STYLE_FROM_PREVIOUS_ROW" NUM_ROW="80" SHOW_IF="(WRITE_IN_COLUMNS == 'false') and (APPEND_ROWS == 'true')"> 
      <DEFAULT>false</DEFAULT> 
    </PARAMETER>  
    <PARAMETER FIELD="CHECK" NAME="REUSE_STYLE_ALTERNATING" NUM_ROW="80" SHOW_IF="(REUSE_STYLE == 'true') or (REUSE_STYLE_FROM_PREVIOUS_ROW == 'true')"> 
      <DEFAULT>false</DEFAULT> 
    </PARAMETER>  
    <PARAMETER FIELD="CHECK" NAME="REUSE_STYLES_FOR_ALL" NUM_ROW="80" SHOW_IF="(REUSE_STYLE == 'true') or (REUSE_STYLE_FROM_PREVIOUS_ROW == 'true')"> 
      <DEFAULT>false</DEFAULT> 
    </PARAMETER>  
    <PARAMETER FIELD="CHECK" NAME="REUSE_CF" NUM_ROW="81" SHOW_IF="WRITE_IN_COLUMNS == 'false'"> 
      <DEFAULT>false</DEFAULT> 
    </PARAMETER>  
    <PARAMETER FIELD="CHECK" NAME="REUSE_FIRST_ROW_HEIGHT" NUM_ROW="81" SHOW_IF="WRITE_IN_COLUMNS == 'false'"> 
      <DEFAULT>false</DEFAULT> 
    </PARAMETER>  
    <PARAMETER FIELD="CHECK" NAME="EXTEND_TABLE_CELL_RANGE" NUM_ROW="82" SHOW_IF="WRITE_IN_COLUMNS == 'false'"> 
      <DEFAULT>false</DEFAULT> 
    </PARAMETER>  
    <PARAMETER FIELD="CHECK" NAME="EXTEND_DATA_VALIDATIONS" NUM_ROW="83" SHOW_IF="WRITE_IN_COLUMNS == 'false'"> 
      <DEFAULT>false</DEFAULT> 
    </PARAMETER> 
  </PARAMETERS>  
  <ADVANCED_PARAMETERS> 
    <PARAMETER FIELD="CHECK" NAME="DEBUG" NUM_ROW="10"> 
      <DEFAULT>false</DEFAULT> 
    </PARAMETER>  
    <PARAMETER FIELD="CHECK" NAME="WRITE_NULL" NUM_ROW="20"> 
      <DEFAULT>false</DEFAULT> 
    </PARAMETER>  
    <PARAMETER FIELD="CHECK" NAME="WRITE_ZERO_DATE_AS_NULL" NUM_ROW="30"> 
      <DEFAULT>true</DEFAULT> 
    </PARAMETER>  
    <PARAMETER FIELD="CHECK" NAME="FORBID_WRITING_INTO_LOCKED_CELLS" NUM_ROW="40"> 
      <DEFAULT>false</DEFAULT> 
    </PARAMETER>  
    <PARAMETER NAME="RELEASE_LABEL_20181126" FIELD="LABEL" COLOR="0;0;0" NUM_ROW="900">
      <DEFAULT>Release: 11.0 build at: 20181126</DEFAULT>
    </PARAMETER>
  </ADVANCED_PARAMETERS>  
  <CODEGENERATION> 
    <IMPORTS/> 
  </CODEGENERATION>  
  <RETURNS> 
    <RETURN AVAILABILITY="AFTER" NAME="NB_LINE" TYPE="id_Integer"/>  
    <RETURN AVAILABILITY="AFTER" NAME="LAST_ROW_INDEX" TYPE="id_Integer"/>  
    <RETURN AVAILABILITY="BEFORE" NAME="SHEET_NAME" TYPE="id_String"/> 
  </RETURNS>
</COMPONENT>
